-- phpMyAdmin SQL Dump
-- version 5.2.1
-- https://www.phpmyadmin.net/
--
-- Host: 127.0.0.1
-- Generation Time: Jul 02, 2025 at 03:16 PM
-- Server version: 10.4.32-MariaDB
-- PHP Version: 8.2.12

SET SQL_MODE = "NO_AUTO_VALUE_ON_ZERO";
START TRANSACTION;
SET time_zone = "+00:00";


/*!40101 SET @OLD_CHARACTER_SET_CLIENT=@@CHARACTER_SET_CLIENT */;
/*!40101 SET @OLD_CHARACTER_SET_RESULTS=@@CHARACTER_SET_RESULTS */;
/*!40101 SET @OLD_COLLATION_CONNECTION=@@COLLATION_CONNECTION */;
/*!40101 SET NAMES utf8mb4 */;

--
-- Database: `db_atlet_porprov_pasuruan_2025`
--

-- --------------------------------------------------------

--
-- Table structure for table `atlets`
--

CREATE TABLE `atlets` (
  `id` bigint(20) UNSIGNED NOT NULL,
  `foto3x4` varchar(255) DEFAULT NULL,
  `foto_bebas` varchar(255) DEFAULT NULL,
  `nik` varchar(16) NOT NULL,
  `nama` varchar(255) NOT NULL,
  `tempat_lahir` varchar(255) NOT NULL,
  `tanggal_lahir` date NOT NULL,
  `jenis_kelamin` enum('Laki-laki','Perempuan') NOT NULL,
  `alamat` text NOT NULL,
  `nama_ortu` varchar(255) NOT NULL,
  `sekolah` enum('SD','SMP','SMA','SMK','Universitas','Lainnya') NOT NULL,
  `nama_sekolah` varchar(255) NOT NULL,
  `created_at` datetime(3) DEFAULT NULL,
  `updated_at` datetime(3) DEFAULT NULL
) ENGINE=InnoDB DEFAULT CHARSET=utf8mb4 COLLATE=utf8mb4_general_ci;

--
-- Dumping data for table `atlets`
--

INSERT INTO `atlets` (`id`, `foto3x4`, `foto_bebas`, `nik`, `nama`, `tempat_lahir`, `tanggal_lahir`, `jenis_kelamin`, `alamat`, `nama_ortu`, `sekolah`, `nama_sekolah`, `created_at`, `updated_at`) VALUES
(1, 'public\\uploads\\foto_3x4\\1751379651_atlet-2.jpg', 'public\\uploads\\foto_bebas\\1751379651_atlet-2.jpg', '3575032510060002', 'MUHAMMAD RAIHAN AZZAIDAN', 'MALANG', '2006-09-30', 'Laki-laki', 'PERUM KARANGLO', 'AZZAIDAN', 'SMK', 'SMK TELKOM MALANG', '2025-07-01 21:20:51.530', '2025-07-01 21:20:51.530'),
(2, 'public\\uploads\\foto_3x4\\1751384612_atlet-1.jpg', 'public\\uploads\\foto_bebas\\1751384612_atlet-1.jpg', '3575032510060001', 'DANIEL DANESWARA', 'SURABAYA', '2006-09-29', 'Perempuan', 'GUBENG', 'DANESWARA', 'Universitas', 'INSTITUT TEKNOLOGI SURABAYA', '2025-07-01 22:43:32.084', '2025-07-01 22:43:32.084');

-- --------------------------------------------------------

--
-- Table structure for table `atlet_cabors`
--

CREATE TABLE `atlet_cabors` (
  `id` bigint(20) UNSIGNED NOT NULL,
  `atlet_id` bigint(20) UNSIGNED NOT NULL,
  `cabor_id` bigint(20) UNSIGNED NOT NULL,
  `created_at` datetime(3) DEFAULT NULL,
  `updated_at` datetime(3) DEFAULT NULL
) ENGINE=InnoDB DEFAULT CHARSET=utf8mb4 COLLATE=utf8mb4_general_ci;

--
-- Dumping data for table `atlet_cabors`
--

INSERT INTO `atlet_cabors` (`id`, `atlet_id`, `cabor_id`, `created_at`, `updated_at`) VALUES
(1, 1, 25, '2025-07-01 21:20:51.544', '2025-07-01 21:20:51.544'),
(2, 2, 15, '2025-07-01 22:43:32.112', '2025-07-01 22:43:32.112');

-- --------------------------------------------------------

--
-- Table structure for table `cabors`
--

CREATE TABLE `cabors` (
  `id` bigint(20) UNSIGNED NOT NULL,
  `nama_cabor` varchar(255) DEFAULT NULL,
  `created_at` datetime(3) DEFAULT NULL,
  `updated_at` datetime(3) DEFAULT NULL
) ENGINE=InnoDB DEFAULT CHARSET=utf8mb4 COLLATE=utf8mb4_general_ci;

--
-- Dumping data for table `cabors`
--

INSERT INTO `cabors` (`id`, `nama_cabor`, `created_at`, `updated_at`) VALUES
(1, 'HAPKIDO', '2025-06-30 22:14:47.000', '2025-06-30 22:15:29.000'),
(2, 'BERMOTOR - BALAP MOTOR', '2025-06-30 22:14:47.000', '2025-06-30 22:15:30.000'),
(3, 'DAYUNG CANOEING', '2025-06-30 22:14:47.000', '2025-06-30 22:15:30.000'),
(4, 'DAYUNG ROWING', '2025-06-30 22:14:47.000', '2025-06-30 22:15:30.000'),
(5, 'TAE KWON DO', '2025-06-30 22:14:47.000', '2025-06-30 22:15:30.000'),
(6, 'DAYUNG TBR', '2025-06-30 22:14:47.000', '2025-06-30 22:15:30.000'),
(7, 'SELANCAR OMBAK', '2025-06-30 22:14:47.000', '2025-06-30 22:15:30.000'),
(8, 'DANCESPORT', '2025-06-30 22:14:47.000', '2025-06-30 22:15:30.000'),
(9, 'BULUTANGKIS', '2025-06-30 22:14:47.000', '2025-06-30 22:15:30.000'),
(10, 'TENIS MEJA', '2025-06-30 22:14:47.000', '2025-06-30 22:15:30.000'),
(11, 'WUSHU TAOLU', '2025-06-30 22:14:47.000', '2025-06-30 22:15:30.000'),
(12, 'BOLA BASKET 5x5', '2025-06-30 22:14:47.000', '2025-06-30 22:15:30.000'),
(13, 'TRIATHLON', '2025-06-30 22:14:47.000', '2025-06-30 22:15:30.000'),
(14, 'BERMOTOR - GRASSTRACK', '2025-06-30 22:14:47.000', '2025-06-30 22:15:30.000'),
(15, 'IBCA MMA', '2025-06-30 22:14:47.000', '2025-06-30 22:15:30.000'),
(16, 'BERKUDA PACUAN', '2025-06-30 22:14:47.000', '2025-06-30 22:15:30.000'),
(17, 'FUTSAL', '2025-06-30 22:14:47.000', '2025-06-30 22:15:30.000'),
(18, 'GOLF', '2025-06-30 22:14:47.000', '2025-06-30 22:15:30.000'),
(19, 'RENANG KOLAM', '2025-06-30 22:14:47.000', '2025-06-30 22:15:30.000'),
(20, 'BARONGSAI', '2025-06-30 22:14:47.000', '2025-06-30 22:15:30.000'),
(21, 'KICK BOXING', '2025-06-30 22:14:47.000', '2025-06-30 22:15:30.000'),
(22, 'RENANG ARTISTIK', '2025-06-30 22:14:47.000', '2025-06-30 22:15:30.000'),
(23, 'BOLA VOLI PANTAI', '2025-06-30 22:14:47.000', '2025-06-30 22:15:30.000'),
(24, 'JUDO', '2025-06-30 22:14:47.000', '2025-06-30 22:15:30.000'),
(25, 'WUSHU SANDA', '2025-06-30 22:14:47.000', '2025-06-30 22:15:30.000'),
(26, 'BOLA BASKET 3x3', '2025-06-30 22:14:47.000', '2025-06-30 22:15:30.000'),
(27, 'KURASH', '2025-06-30 22:14:47.000', '2025-06-30 22:15:30.000'),
(28, 'SHORINJI KEMPO', '2025-06-30 22:14:47.000', '2025-06-30 22:15:30.000'),
(29, 'CRICKET', '2025-06-30 22:14:47.000', '2025-06-30 22:15:30.000'),
(30, 'BERKUDA MEMANAH', '2025-06-30 22:14:47.000', '2025-06-30 22:15:30.000'),
(31, 'PARALAYANG', '2025-06-30 22:14:47.000', '2025-06-30 22:15:30.000');

-- --------------------------------------------------------

--
-- Table structure for table `dokumentasis`
--

CREATE TABLE `dokumentasis` (
  `id` bigint(20) UNSIGNED NOT NULL,
  `dokumentasi` varchar(255) NOT NULL,
  `created_at` datetime(3) DEFAULT NULL,
  `updated_at` datetime(3) DEFAULT NULL,
  `hasil_pertandingan_id` bigint(20) UNSIGNED DEFAULT NULL
) ENGINE=InnoDB DEFAULT CHARSET=utf8mb4 COLLATE=utf8mb4_general_ci;

-- --------------------------------------------------------

--
-- Table structure for table `hasil_pertandingans`
--

CREATE TABLE `hasil_pertandingans` (
  `id` bigint(20) UNSIGNED NOT NULL,
  `atlet_id` bigint(20) UNSIGNED DEFAULT NULL,
  `nomor_id` bigint(20) UNSIGNED DEFAULT NULL,
  `event_name` varchar(255) DEFAULT 'Porprov Pasuruan 2025',
  `medali` enum('Emas','Perak','Perunggu','Partisipasi') NOT NULL,
  `catatan` text DEFAULT NULL,
  `dokumentasi_id` bigint(20) UNSIGNED DEFAULT NULL,
  `filter` enum('Porprov Jawa Timur','Cabang Olahraga Lain') NOT NULL,
  `created_at` datetime(3) DEFAULT NULL,
  `updated_at` datetime(3) DEFAULT NULL,
  `user_id` bigint(20) UNSIGNED DEFAULT NULL
) ENGINE=InnoDB DEFAULT CHARSET=utf8mb4 COLLATE=utf8mb4_general_ci;

--
-- Dumping data for table `hasil_pertandingans`
--

INSERT INTO `hasil_pertandingans` (`id`, `atlet_id`, `nomor_id`, `event_name`, `medali`, `catatan`, `dokumentasi_id`, `filter`, `created_at`, `updated_at`, `user_id`) VALUES
(1, 2, 138, 'PORPROV JATIM XI', 'Perak', 'dddddd', NULL, 'Porprov Jawa Timur', '2025-07-02 02:31:22.277', '2025-07-02 02:31:22.277', 2),
(2, 2, 139, 'PORPROV JATIM XI', 'Emas', '', NULL, 'Porprov Jawa Timur', '2025-07-02 02:52:49.557', '2025-07-02 02:52:49.557', 2),
(3, 2, 140, 'PORPROV JATIM XI', 'Emas', 'eeee', NULL, 'Porprov Jawa Timur', '2025-07-02 03:01:55.534', '2025-07-02 03:01:55.534', 2),
(4, 2, 141, 'PORPROV JATIM XI', 'Emas', 'fee', NULL, 'Porprov Jawa Timur', '2025-07-02 03:39:03.974', '2025-07-02 03:39:03.974', 2),
(6, 1, 246, 'PORPROV JATIM XI', 'Emas', '', NULL, 'Porprov Jawa Timur', '2025-07-02 16:40:44.467', '2025-07-02 16:40:44.467', 2);

-- --------------------------------------------------------

--
-- Table structure for table `nomors`
--

CREATE TABLE `nomors` (
  `id` bigint(20) UNSIGNED NOT NULL,
  `nama_nomor` varchar(255) NOT NULL,
  `cabor_id` bigint(20) UNSIGNED NOT NULL,
  `created_at` datetime(3) DEFAULT NULL,
  `updated_at` datetime(3) DEFAULT NULL
) ENGINE=InnoDB DEFAULT CHARSET=utf8mb4 COLLATE=utf8mb4_general_ci;

--
-- Dumping data for table `nomors`
--

INSERT INTO `nomors` (`id`, `nama_nomor`, `cabor_id`, `created_at`, `updated_at`) VALUES
(1, 'Individual Hyung PUTRI', 1, '2025-06-30 22:14:47.000', '2025-06-30 22:14:47.000'),
(2, 'Individual Hyung PUTRA', 1, '2025-06-30 22:14:47.000', '2025-06-30 22:14:47.000'),
(3, 'Berpasangan Hoshinsul PUTRI', 1, '2025-06-30 22:14:47.000', '2025-06-30 22:14:47.000'),
(4, 'Hosinsul Gaya Bebas (Free Style)', 1, '2025-06-30 22:14:47.000', '2025-06-30 22:14:47.000'),
(5, 'Berpasangan Hoshinsul PUTRA', 1, '2025-06-30 22:14:47.000', '2025-06-30 22:14:47.000'),
(6, 'Individual Nakbop (High Jump) PUTRA', 1, '2025-06-30 22:14:47.000', '2025-06-30 22:14:47.000'),
(7, 'Individual U-54 Kg PUTRA', 1, '2025-06-30 22:14:47.000', '2025-06-30 22:14:47.000'),
(8, 'Individual U-58 Kg PUTRA', 1, '2025-06-30 22:14:47.000', '2025-06-30 22:14:47.000'),
(9, 'Individual U-62 Kg PUTRA', 1, '2025-06-30 22:14:47.000', '2025-06-30 22:14:47.000'),
(10, 'Individual U-72 Kg PUTRA', 1, '2025-06-30 22:14:47.000', '2025-06-30 22:14:47.000'),
(11, 'Individual U-51 Kg PUTRI', 1, '2025-06-30 22:14:47.000', '2025-06-30 22:14:47.000'),
(12, 'Individual U-59 Kg PUTRI', 1, '2025-06-30 22:14:47.000', '2025-06-30 22:14:47.000'),
(13, 'Individual U-63 Kg PUTRI', 1, '2025-06-30 22:14:47.000', '2025-06-30 22:14:47.000'),
(14, 'Individual U-72 Kg PUTRI', 1, '2025-06-30 22:14:47.000', '2025-06-30 22:14:47.000'),
(15, 'Individual U-78 Kg PUTRA', 1, '2025-06-30 22:14:47.000', '2025-06-30 22:14:47.000'),
(16, 'Bebek 150 Standart Perorangan', 2, '2025-06-30 22:14:47.000', '2025-06-30 22:14:47.000'),
(17, 'Bebek 150 Modifikasi Perorangan', 2, '2025-06-30 22:14:47.000', '2025-06-30 22:14:47.000'),
(18, 'Bebek 150 Standart Beregu', 2, '2025-06-30 22:14:47.000', '2025-06-30 22:14:47.000'),
(19, 'Bebek 150 Modifikasi Beregu', 2, '2025-06-30 22:14:47.000', '2025-06-30 22:14:47.000'),
(20, 'K1 1000 m PI', 3, '2025-06-30 22:14:47.000', '2025-06-30 22:14:47.000'),
(21, 'Kayak Slalom PA', 3, '2025-06-30 22:14:47.000', '2025-06-30 22:14:47.000'),
(22, 'Kayak Slalom PI', 3, '2025-06-30 22:14:47.000', '2025-06-30 22:14:47.000'),
(23, 'Cano Slalom PA', 3, '2025-06-30 22:14:47.000', '2025-06-30 22:14:47.000'),
(24, 'Cano Slalom PI', 3, '2025-06-30 22:14:47.000', '2025-06-30 22:14:47.000'),
(25, 'K1 1000 m PA', 3, '2025-06-30 22:14:47.000', '2025-06-30 22:14:47.000'),
(26, 'C1 1000 m PI', 3, '2025-06-30 22:14:47.000', '2025-06-30 22:14:47.000'),
(27, 'C1 1000 m PA', 3, '2025-06-30 22:14:47.000', '2025-06-30 22:14:47.000'),
(28, 'SUP Tecnical Race, 1000 m PI', 3, '2025-06-30 22:14:47.000', '2025-06-30 22:14:47.000'),
(29, 'SUP Sprint Race, 200 m PA', 3, '2025-06-30 22:14:47.000', '2025-06-30 22:14:47.000'),
(30, 'SUP Sprint Race, 200 m PI', 3, '2025-06-30 22:14:47.000', '2025-06-30 22:14:47.000'),
(31, 'C1 500 m PA', 3, '2025-06-30 22:14:47.000', '2025-06-30 22:14:47.000'),
(32, 'C1 500 m PI', 3, '2025-06-30 22:14:47.000', '2025-06-30 22:14:47.000'),
(33, 'K1 500 m PI', 3, '2025-06-30 22:14:47.000', '2025-06-30 22:14:47.000'),
(34, 'K1 200 m PA', 3, '2025-06-30 22:14:47.000', '2025-06-30 22:14:47.000'),
(35, 'K1 200 m PI', 3, '2025-06-30 22:14:47.000', '2025-06-30 22:14:47.000'),
(36, 'C1 200 m PA', 3, '2025-06-30 22:14:47.000', '2025-06-30 22:14:47.000'),
(37, 'C1 200 m PI', 3, '2025-06-30 22:14:47.000', '2025-06-30 22:14:47.000'),
(38, 'SUP Tecnical Race, 1000 m PA', 3, '2025-06-30 22:14:47.000', '2025-06-30 22:14:47.000'),
(39, 'K1 500 m PA', 3, '2025-06-30 22:14:47.000', '2025-06-30 22:14:47.000'),
(40, 'Single Sculls PA', 4, '2025-06-30 22:14:47.000', '2025-06-30 22:14:47.000'),
(41, 'Single Sculls PI', 4, '2025-06-30 22:14:47.000', '2025-06-30 22:14:47.000'),
(42, 'Double Sculls PA', 4, '2025-06-30 22:14:47.000', '2025-06-30 22:14:47.000'),
(43, 'Double Sculls PI', 4, '2025-06-30 22:14:47.000', '2025-06-30 22:14:47.000'),
(44, 'Ergo 2000 PA', 4, '2025-06-30 22:14:47.000', '2025-06-30 22:14:47.000'),
(45, 'Ergo 2000 PI', 4, '2025-06-30 22:14:47.000', '2025-06-30 22:14:47.000'),
(46, 'POOMSAE PERORANGAN PUTRI', 5, '2025-06-30 22:14:47.000', '2025-06-30 22:14:47.000'),
(47, 'POOMSAE BEREGU PUTRA', 5, '2025-06-30 22:14:47.000', '2025-06-30 22:14:47.000'),
(48, 'KYORUGI UNDER 49 KG PUTRI', 5, '2025-06-30 22:14:47.000', '2025-06-30 22:14:47.000'),
(49, 'KYORUGI UNDER 68 KG PUTRA', 5, '2025-06-30 22:14:47.000', '2025-06-30 22:14:47.000'),
(50, 'KYORUGI UNDER 54 KG PUTRA', 5, '2025-06-30 22:14:47.000', '2025-06-30 22:14:47.000'),
(51, 'KYORUGI UNDER 80 KG PUTRA', 5, '2025-06-30 22:14:47.000', '2025-06-30 22:14:47.000'),
(52, 'POOMSAE FREESTYLE PERORANGAN PUTRA', 5, '2025-06-30 22:14:47.000', '2025-06-30 22:14:47.000'),
(53, 'POOMSAE FREESTYLE PERORANGAN PUTRI', 5, '2025-06-30 22:14:47.000', '2025-06-30 22:14:47.000'),
(54, 'KYORUGI UNDER 58 KG PUTRA', 5, '2025-06-30 22:14:47.000', '2025-06-30 22:14:47.000'),
(55, 'KYORUGI UNDER 87 KG PUTRA', 5, '2025-06-30 22:14:47.000', '2025-06-30 22:14:47.000'),
(56, 'KYORUGI UNDER 74 KG PUTRA', 5, '2025-06-30 22:14:47.000', '2025-06-30 22:14:47.000'),
(57, 'KYORUGI OVER 87 KG PUTRA', 5, '2025-06-30 22:14:47.000', '2025-06-30 22:14:47.000'),
(58, 'KYORUGI UNDER 57 KG PUTRI', 5, '2025-06-30 22:14:47.000', '2025-06-30 22:14:47.000'),
(59, 'KYORUGI UNDER 62 KG PUTRI', 5, '2025-06-30 22:14:47.000', '2025-06-30 22:14:47.000'),
(60, 'KYORUGI UNDER 73 KG PUTRI', 5, '2025-06-30 22:14:47.000', '2025-06-30 22:14:47.000'),
(61, 'POOMSAE PERORANGAN PUTRA', 5, '2025-06-30 22:14:47.000', '2025-06-30 22:14:47.000'),
(62, 'POOMSAE BEREGU PUTRI', 5, '2025-06-30 22:14:47.000', '2025-06-30 22:14:47.000'),
(63, 'KYORUGI UNDER 63 KG PUTRA', 5, '2025-06-30 22:14:47.000', '2025-06-30 22:14:47.000'),
(64, 'KYORUGI UNDER 46 KG PUTRI', 5, '2025-06-30 22:14:47.000', '2025-06-30 22:14:47.000'),
(65, 'KYORUGI UNDER 53 KG PUTRI', 5, '2025-06-30 22:14:47.000', '2025-06-30 22:14:47.000'),
(66, 'KYORUGI UNDER 67 KG PUTRI', 5, '2025-06-30 22:14:47.000', '2025-06-30 22:14:47.000'),
(67, 'KYORUGI OVER 73 KG PUTRI', 5, '2025-06-30 22:14:47.000', '2025-06-30 22:14:47.000'),
(68, 'TBR 10 Pdy, 1000 m MIX', 6, '2025-06-30 22:14:47.000', '2025-06-30 22:14:47.000'),
(69, 'TBR 10 Pdy, 1000 m PI', 6, '2025-06-30 22:14:47.000', '2025-06-30 22:14:47.000'),
(70, 'TBR 10 Pdy, 1000 m PA', 6, '2025-06-30 22:14:47.000', '2025-06-30 22:14:47.000'),
(71, 'TBR 10 Pdy, 500 m PA', 6, '2025-06-30 22:14:47.000', '2025-06-30 22:14:47.000'),
(72, 'TBR 10 Pdy, 500 m PI', 6, '2025-06-30 22:14:47.000', '2025-06-30 22:14:47.000'),
(73, 'TBR 10 Pdy, 500 m MIX', 6, '2025-06-30 22:14:47.000', '2025-06-30 22:14:47.000'),
(74, 'TBR 10 Pdy, 200 m PA', 6, '2025-06-30 22:14:47.000', '2025-06-30 22:14:47.000'),
(75, 'TBR 10 Pdy, 200 m PI', 6, '2025-06-30 22:14:47.000', '2025-06-30 22:14:47.000'),
(76, 'TBR 10 Pdy, 200 m MIX', 6, '2025-06-30 22:14:47.000', '2025-06-30 22:14:47.000'),
(77, 'LONG BOARD PUTRA', 7, '2025-06-30 22:14:47.000', '2025-06-30 22:14:47.000'),
(78, 'SHORT BOARD PUTRI', 7, '2025-06-30 22:14:47.000', '2025-06-30 22:14:47.000'),
(79, 'SHORT BOARD PUTRA', 7, '2025-06-30 22:14:47.000', '2025-06-30 22:14:47.000'),
(80, 'HIP HOP PRO', 8, '2025-06-30 22:14:47.000', '2025-06-30 22:14:47.000'),
(81, 'SOLO RAISING STAR LATIN S, C, R, J', 8, '2025-06-30 22:14:47.000', '2025-06-30 22:14:47.000'),
(82, 'SOLO AMATEUR LATIN', 8, '2025-06-30 22:14:47.000', '2025-06-30 22:14:47.000'),
(83, 'SOLO PRE-AMATEUR LATIN C, R, J', 8, '2025-06-30 22:14:47.000', '2025-06-30 22:14:47.000'),
(84, 'HIP HOP ELITE', 8, '2025-06-30 22:14:47.000', '2025-06-30 22:14:47.000'),
(85, 'FREE FOR ALL CCC', 8, '2025-06-30 22:14:47.000', '2025-06-30 22:14:47.000'),
(86, 'SOLO LINE DANCESPORT C', 8, '2025-06-30 22:14:47.000', '2025-06-30 22:14:47.000'),
(87, 'FREE FOR ALL JIVE', 8, '2025-06-30 22:14:47.000', '2025-06-30 22:14:47.000'),
(88, 'SOLO LINE DANCESPORT J', 8, '2025-06-30 22:14:47.000', '2025-06-30 22:14:47.000'),
(89, 'SOLO LINE DANCESPORT R', 8, '2025-06-30 22:14:47.000', '2025-06-30 22:14:47.000'),
(90, 'SOLO LINE DANCESPORT S', 8, '2025-06-30 22:14:47.000', '2025-06-30 22:14:47.000'),
(91, 'SOLO RAISING STAR STANDARD W, T, SF, QS', 8, '2025-06-30 22:14:47.000', '2025-06-30 22:14:47.000'),
(92, 'FREE FOR ALL WALTZ', 8, '2025-06-30 22:14:47.000', '2025-06-30 22:14:47.000'),
(93, 'FREE FOR ALL QS', 8, '2025-06-30 22:14:47.000', '2025-06-30 22:14:47.000'),
(94, 'SOLO PRE- AMATEUR STANDARD W, T, QS', 8, '2025-06-30 22:14:47.000', '2025-06-30 22:14:47.000'),
(95, 'SYNCHRONIZE W, QS', 8, '2025-06-30 22:14:47.000', '2025-06-30 22:14:47.000'),
(96, 'BBOY', 8, '2025-06-30 22:14:47.000', '2025-06-30 22:14:47.000'),
(97, 'BGIRL', 8, '2025-06-30 22:14:47.000', '2025-06-30 22:14:47.000'),
(98, 'TRADITIONAL DS PRO', 8, '2025-06-30 22:14:47.000', '2025-06-30 22:14:47.000'),
(99, 'TRADITIONAL DS ELITE', 8, '2025-06-30 22:14:47.000', '2025-06-30 22:14:47.000'),
(100, 'BEREGU PUTRI', 9, '2025-06-30 22:14:47.000', '2025-06-30 22:14:47.000'),
(101, 'BEREGU PUTRA', 9, '2025-06-30 22:14:47.000', '2025-06-30 22:14:47.000'),
(102, 'GANDA PUTRA', 10, '2025-06-30 22:14:47.000', '2025-06-30 22:14:47.000'),
(103, 'GANDA PUTRI', 10, '2025-06-30 22:14:47.000', '2025-06-30 22:14:47.000'),
(104, 'GANDA CAMPURAN', 10, '2025-06-30 22:14:47.000', '2025-06-30 22:14:47.000'),
(105, 'BEREGU PUTRA', 10, '2025-06-30 22:14:47.000', '2025-06-30 22:14:47.000'),
(106, 'BEREGU PUTRI', 10, '2025-06-30 22:14:47.000', '2025-06-30 22:14:47.000'),
(107, 'TUNGGAL PUTRA', 10, '2025-06-30 22:14:47.000', '2025-06-30 22:14:47.000'),
(108, 'TUNGGAL PUTRI', 10, '2025-06-30 22:14:47.000', '2025-06-30 22:14:47.000'),
(109, 'CHANG QUAN PUTRA', 11, '2025-06-30 22:14:47.000', '2025-06-30 22:14:47.000'),
(110, 'CHANG QUAN PUTRI', 11, '2025-06-30 22:14:47.000', '2025-06-30 22:14:47.000'),
(111, 'NAN QUAN + NANDAO PUTRI', 11, '2025-06-30 22:14:47.000', '2025-06-30 22:14:47.000'),
(112, 'TAIJI QUAN + TAIJI JIAN PUTRA', 11, '2025-06-30 22:14:47.000', '2025-06-30 22:14:47.000'),
(113, 'NAN QUAN  + NANGUN PUTRA', 11, '2025-06-30 22:14:47.000', '2025-06-30 22:14:47.000'),
(114, 'DAO SHU + GUN SHU  PUTRA', 11, '2025-06-30 22:14:47.000', '2025-06-30 22:14:47.000'),
(115, 'DUILIAN PUTRA', 11, '2025-06-30 22:14:47.000', '2025-06-30 22:14:47.000'),
(116, 'TAIJI QUAN + TAIJI JIAN PUTRI', 11, '2025-06-30 22:14:47.000', '2025-06-30 22:14:47.000'),
(117, 'JIAN SHU + QIANGSHU  PUTRI', 11, '2025-06-30 22:14:47.000', '2025-06-30 22:14:47.000'),
(118, 'DUILIAN PUTRI', 11, '2025-06-30 22:14:47.000', '2025-06-30 22:14:47.000'),
(119, 'DAO SHU + GUN SHU PUTRI', 11, '2025-06-30 22:14:47.000', '2025-06-30 22:14:47.000'),
(120, 'WING CHUN (WD+BCD) PUTRI', 11, '2025-06-30 22:14:47.000', '2025-06-30 22:14:47.000'),
(121, 'WING CHUN (WD+BCD) PUTRA', 11, '2025-06-30 22:14:47.000', '2025-06-30 22:14:47.000'),
(122, 'JIAN SHU + QIANGSHU  PUTRA', 11, '2025-06-30 22:14:47.000', '2025-06-30 22:14:47.000'),
(123, '5X5 TIM PUTRA', 12, '2025-06-30 22:14:47.000', '2025-06-30 22:14:47.000'),
(124, '5X5 TIM PUTRI', 12, '2025-06-30 22:14:47.000', '2025-06-30 22:14:47.000'),
(125, 'Triathlon PUTRI', 13, '2025-06-30 22:14:47.000', '2025-06-30 22:14:47.000'),
(126, 'Triathlon PUTRA', 13, '2025-06-30 22:14:47.000', '2025-06-30 22:14:47.000'),
(127, 'Duathlon PUTRI', 13, '2025-06-30 22:14:47.000', '2025-06-30 22:14:47.000'),
(128, 'Duathlon PUTRA', 13, '2025-06-30 22:14:47.000', '2025-06-30 22:14:47.000'),
(129, 'Aquathlon PUTRA', 13, '2025-06-30 22:14:47.000', '2025-06-30 22:14:47.000'),
(130, 'Aquathlon PUTRI', 13, '2025-06-30 22:14:47.000', '2025-06-30 22:14:47.000'),
(131, 'Beregu Aquathlon  Relay PUTRA', 13, '2025-06-30 22:14:47.000', '2025-06-30 22:14:47.000'),
(132, 'Beregu Aquathlon  Relay PUTRI', 13, '2025-06-30 22:14:47.000', '2025-06-30 22:14:47.000'),
(133, 'Aquathlon Mix  Relay', 13, '2025-06-30 22:14:47.000', '2025-06-30 22:14:47.000'),
(134, 'Trail max 155 cc Modifikasi Perorangan', 14, '2025-06-30 22:14:47.000', '2025-06-30 22:14:47.000'),
(135, 'Trail max 155 cc Modifikasi Beregu', 14, '2025-06-30 22:14:47.000', '2025-06-30 22:14:47.000'),
(136, 'Trail max 155 cc Standart Beregu', 14, '2025-06-30 22:14:47.000', '2025-06-30 22:14:47.000'),
(137, 'Trail max 155 cc Standart Perorangan', 14, '2025-06-30 22:14:47.000', '2025-06-30 22:14:47.000'),
(138, 'Standing Fight 16th – 17th Kelas 45,0 Kg (Up 48,0) Putra', 15, '2025-06-30 22:14:47.000', '2025-06-30 22:14:47.000'),
(139, 'Standing Fight 16th – 17th Kelas 48,0 Kg (In) Putra', 15, '2025-06-30 22:14:47.000', '2025-06-30 22:14:47.000'),
(140, 'Standing Fight 18th – 23th Kelas 48,0 Kg Putra', 15, '2025-06-30 22:14:47.000', '2025-06-30 22:14:47.000'),
(141, 'Standing Fight 16th – 17th Kelas 52,2 Kg (in) Putra', 15, '2025-06-30 22:14:47.000', '2025-06-30 22:14:47.000'),
(142, 'Standing Fight 18th – 23th Kelas 52,2 Kg Putra', 15, '2025-06-30 22:14:47.000', '2025-06-30 22:14:47.000'),
(143, 'Standing Fight 16th – 17th Kelas 56,7 Kg (In) Putra', 15, '2025-06-30 22:14:47.000', '2025-06-30 22:14:47.000'),
(144, 'Standing Fight 18th – 23th Kelas 56,7 Kg Putra', 15, '2025-06-30 22:14:47.000', '2025-06-30 22:14:47.000'),
(145, 'Standing Fight 18th – 23th Kelas 61,2 Kg Putra', 15, '2025-06-30 22:14:47.000', '2025-06-30 22:14:47.000'),
(146, 'Standing Fight 18th – 23th Kelas 65,8 Kg Putra', 15, '2025-06-30 22:14:47.000', '2025-06-30 22:14:47.000'),
(147, 'Standing Fight 18th – 23th Kelas 70 Kg Putra', 15, '2025-06-30 22:14:47.000', '2025-06-30 22:14:47.000'),
(148, 'Standing Fight 18th – 23th Kelas 75 Kg Putra', 15, '2025-06-30 22:14:47.000', '2025-06-30 22:14:47.000'),
(149, 'Standing Fight 16th – 17th Kelas 45,0 Kg Putri', 15, '2025-06-30 22:14:47.000', '2025-06-30 22:14:47.000'),
(150, 'Standing Fight 16th – 17th Kelas 48,0 Kg Putri', 15, '2025-06-30 22:14:47.000', '2025-06-30 22:14:47.000'),
(151, 'Standing Fight 18th – 23th Kelas 48,0 Kg Putri', 15, '2025-06-30 22:14:47.000', '2025-06-30 22:14:47.000'),
(152, 'Standing Fight 16th – 17th Kelas 52,2 Kg Putri', 15, '2025-06-30 22:14:47.000', '2025-06-30 22:14:47.000'),
(153, 'Standing Fight 16th – 17th Kelas 56,7 Kg Putri', 15, '2025-06-30 22:14:47.000', '2025-06-30 22:14:47.000'),
(154, 'Standing Fight 18th – 23th Kelas 56,7 Kg Putri', 15, '2025-06-30 22:14:47.000', '2025-06-30 22:14:47.000'),
(155, 'Standing Fight 18th – 23th Kelas 61,2 Kg Putri', 15, '2025-06-30 22:14:47.000', '2025-06-30 22:14:47.000'),
(156, 'Standing Fight 18th – 23th Kelas Up 65,8 Kg Putri', 15, '2025-06-30 22:14:47.000', '2025-06-30 22:14:47.000'),
(157, 'MMA 18th – 23th Kelas 48,0 Kg (Up 52) Putra', 15, '2025-06-30 22:14:47.000', '2025-06-30 22:14:47.000'),
(158, 'MMA 16th - 17th Kelas 52,2 Kg Putra', 15, '2025-06-30 22:14:47.000', '2025-06-30 22:14:47.000'),
(159, 'MMA 18th – 23th Kelas 52,2 Kg (In) Putra', 15, '2025-06-30 22:14:47.000', '2025-06-30 22:14:47.000'),
(160, 'MMA 18th – 23th Kelas 56,7 Kg (Up61) Putra', 15, '2025-06-30 22:14:47.000', '2025-06-30 22:14:47.000'),
(161, 'MMA 16th - 17th Kelas 61,2 Kg Putra', 15, '2025-06-30 22:14:47.000', '2025-06-30 22:14:47.000'),
(162, 'MMA 18th – 23th Kelas 61,2 Kg (In) Putra', 15, '2025-06-30 22:14:47.000', '2025-06-30 22:14:47.000'),
(163, 'MMA 18th – 23th Kelas 65,0 Kg (Down 61,2) Putra', 15, '2025-06-30 22:14:47.000', '2025-06-30 22:14:47.000'),
(164, 'Pacu Kelas A', 16, '2025-06-30 22:14:47.000', '2025-06-30 22:14:47.000'),
(165, 'Pacu Kelas B', 16, '2025-06-30 22:14:47.000', '2025-06-30 22:14:47.000'),
(166, 'Pacu Kelas C', 16, '2025-06-30 22:14:47.000', '2025-06-30 22:14:47.000'),
(167, 'Pacu Kelas D', 16, '2025-06-30 22:14:47.000', '2025-06-30 22:14:47.000'),
(168, 'Pacu Kelas E', 16, '2025-06-30 22:14:47.000', '2025-06-30 22:14:47.000'),
(169, 'Pacu Kelas F', 16, '2025-06-30 22:14:47.000', '2025-06-30 22:14:47.000'),
(170, 'Pacu Kelas G', 16, '2025-06-30 22:14:47.000', '2025-06-30 22:14:47.000'),
(171, 'Pacu Kelas H', 16, '2025-06-30 22:14:47.000', '2025-06-30 22:14:47.000'),
(172, 'Pacu Kelas I', 16, '2025-06-30 22:14:47.000', '2025-06-30 22:14:47.000'),
(173, 'BEREGU PUTRI', 17, '2025-06-30 22:14:47.000', '2025-06-30 22:14:47.000'),
(174, 'BEREGU PUTRA', 18, '2025-06-30 22:14:47.000', '2025-06-30 22:14:47.000'),
(175, 'BEREGU PUTRI', 18, '2025-06-30 22:14:47.000', '2025-06-30 22:14:47.000'),
(176, 'INDIVIDU PUTRI', 18, '2025-06-30 22:14:47.000', '2025-06-30 22:14:47.000'),
(177, 'INDIVIDU PUTRA', 18, '2025-06-30 22:14:47.000', '2025-06-30 22:14:47.000'),
(178, 'FOURSOME PUTRI', 18, '2025-06-30 22:14:47.000', '2025-06-30 22:14:47.000'),
(179, 'FOURSOME PUTRA', 18, '2025-06-30 22:14:47.000', '2025-06-30 22:14:47.000'),
(180, 'GAYA BEBAS 400 M PUTRA', 19, '2025-06-30 22:14:47.000', '2025-06-30 22:14:47.000'),
(181, 'GAYA BEBAS 400 M PUTRI', 19, '2025-06-30 22:14:47.000', '2025-06-30 22:14:47.000'),
(182, 'GAYA PUNGGUNG 100 M PUTRI', 19, '2025-06-30 22:14:47.000', '2025-06-30 22:14:47.000'),
(183, 'GAYA PUNGGUNG 100 M PUTRA', 19, '2025-06-30 22:14:47.000', '2025-06-30 22:14:47.000'),
(184, 'GAYA KUPU-KUPU 200 M PUTRA', 19, '2025-06-30 22:14:47.000', '2025-06-30 22:14:47.000'),
(185, 'GAYA KUPU-KUPU 200 M PUTRI', 19, '2025-06-30 22:14:47.000', '2025-06-30 22:14:47.000'),
(186, 'GAYA BEBAS 100 M PUTRA', 19, '2025-06-30 22:14:47.000', '2025-06-30 22:14:47.000'),
(187, 'GAYA BEBAS 100 M PUTRI', 19, '2025-06-30 22:14:47.000', '2025-06-30 22:14:47.000'),
(188, 'GAYA GANTI PERORANGAN 200 M PUTRI', 19, '2025-06-30 22:14:47.000', '2025-06-30 22:14:47.000'),
(189, 'GAYA GANTI PERORANGAN 200 M PUTRA', 19, '2025-06-30 22:14:47.000', '2025-06-30 22:14:47.000'),
(190, 'GAYA KUPU-KUPU 50 M PUTRA', 19, '2025-06-30 22:14:47.000', '2025-06-30 22:14:47.000'),
(191, 'GAYA KUPU-KUPU 50 M PUTRI', 19, '2025-06-30 22:14:47.000', '2025-06-30 22:14:47.000'),
(192, 'ESTAFET 4 X 200 M GAYA BEBAS PUTRA', 19, '2025-06-30 22:14:47.000', '2025-06-30 22:14:47.000'),
(193, 'ESTAFET 4 X 200 M GAYA BEBAS PUTRI', 19, '2025-06-30 22:14:47.000', '2025-06-30 22:14:47.000'),
(194, 'GAYA BEBAS 800 M PUTRI', 19, '2025-06-30 22:14:47.000', '2025-06-30 22:14:47.000'),
(195, 'GAYA KUPU-KUPU 100 M PUTRA', 19, '2025-06-30 22:14:47.000', '2025-06-30 22:14:47.000'),
(196, 'GAYA KUPU-KUPU 100 M PUTRI', 19, '2025-06-30 22:14:47.000', '2025-06-30 22:14:47.000'),
(197, 'GAYA DADA 200 M PUTRI', 19, '2025-06-30 22:14:47.000', '2025-06-30 22:14:47.000'),
(198, 'GAYA DADA 200 M PUTRA', 19, '2025-06-30 22:14:47.000', '2025-06-30 22:14:47.000'),
(199, 'GAYA BEBAS 50 M PUTRA', 19, '2025-06-30 22:14:47.000', '2025-06-30 22:14:47.000'),
(200, 'GAYA BEBAS 50 M PUTRI', 19, '2025-06-30 22:14:47.000', '2025-06-30 22:14:47.000'),
(201, 'GAYA GANTI PERORANGAN 400 M PUTRA', 19, '2025-06-30 22:14:47.000', '2025-06-30 22:14:47.000'),
(202, 'GAYA GANTI PERORANGAN 400 M PUTRI', 19, '2025-06-30 22:14:47.000', '2025-06-30 22:14:47.000'),
(203, 'GAYA DADA 50 M PUTRA', 19, '2025-06-30 22:14:47.000', '2025-06-30 22:14:47.000'),
(204, 'GAYA DADA 50 M PUTRI', 19, '2025-06-30 22:14:47.000', '2025-06-30 22:14:47.000'),
(205, 'ESTAFET 4 X 100 M GAYA BEBAS PUTRA', 19, '2025-06-30 22:14:47.000', '2025-06-30 22:14:47.000'),
(206, 'ESTAFET 4 X 100 M GAYA BEBAS PUTRI', 19, '2025-06-30 22:14:47.000', '2025-06-30 22:14:47.000'),
(207, 'ESTAFET 4 X 100 M GAYA GANTI MIX', 19, '2025-06-30 22:14:47.000', '2025-06-30 22:14:47.000'),
(208, 'GAYA BEBAS 1500 M PUTRA', 19, '2025-06-30 22:14:47.000', '2025-06-30 22:14:47.000'),
(209, 'GAYA PUNGGUNG 200 M PUTRA', 19, '2025-06-30 22:14:47.000', '2025-06-30 22:14:47.000'),
(210, 'GAYA PUNGGUNG 200 M PUTRI', 19, '2025-06-30 22:14:47.000', '2025-06-30 22:14:47.000'),
(211, 'GAYA DADA 100 M PUTRA', 19, '2025-06-30 22:14:47.000', '2025-06-30 22:14:47.000'),
(212, 'GAYA DADA 100 M PUTRI', 19, '2025-06-30 22:14:47.000', '2025-06-30 22:14:47.000'),
(213, 'GAYA BEBAS 200 M PUTRA', 19, '2025-06-30 22:14:47.000', '2025-06-30 22:14:47.000'),
(214, 'GAYA BEBAS 200 M PUTRI', 19, '2025-06-30 22:14:47.000', '2025-06-30 22:14:47.000'),
(215, 'GAYA PUNGGUNG 50 M PUTRI', 19, '2025-06-30 22:14:47.000', '2025-06-30 22:14:47.000'),
(216, 'GAYA PUNGGUNG 50 M PUTRA', 19, '2025-06-30 22:14:47.000', '2025-06-30 22:14:47.000'),
(217, 'ESTAFET 4 X 100 M GAYA GANTI PUTRA', 19, '2025-06-30 22:14:47.000', '2025-06-30 22:14:47.000'),
(218, 'ESTAFET 4 X 100 M GAYA GANTI PUTRI', 19, '2025-06-30 22:14:47.000', '2025-06-30 22:14:47.000'),
(219, 'ESTAFET 4 X 100 M GAYA BEBAS MIX', 19, '2025-06-30 22:14:47.000', '2025-06-30 22:14:47.000'),
(220, 'Barongsai Halang Rintang', 20, '2025-06-30 22:14:47.000', '2025-06-30 22:14:47.000'),
(221, 'Barongsai Kecepatan', 20, '2025-06-30 22:14:47.000', '2025-06-30 22:14:47.000'),
(222, 'Barongsai Tradisional', 20, '2025-06-30 22:14:47.000', '2025-06-30 22:14:47.000'),
(223, 'Naga Taolu Bebas', 20, '2025-06-30 22:14:47.000', '2025-06-30 22:14:47.000'),
(224, 'Naga Kecepatan', 20, '2025-06-30 22:14:47.000', '2025-06-30 22:14:47.000'),
(225, 'Ketangkasan Zou Tou', 20, '2025-06-30 22:14:47.000', '2025-06-30 22:14:47.000'),
(226, 'CREATIVE FORM INDIVIDUAL OPEN HAND PUTRI', 21, '2025-06-30 22:14:47.000', '2025-06-30 22:14:47.000'),
(227, 'CREATIVE FORM INDIVIDUAL OPEN HAND PUTRA', 21, '2025-06-30 22:14:47.000', '2025-06-30 22:14:47.000'),
(228, 'TEAM FORM OPEN HAND PUTRA', 21, '2025-06-30 22:14:47.000', '2025-06-30 22:14:47.000'),
(229, 'TEAM FORM OPEN HAND PUTRI', 21, '2025-06-30 22:14:47.000', '2025-06-30 22:14:47.000'),
(230, 'Solo Free Routine  | Terbuka', 22, '2025-06-30 22:14:47.000', '2025-06-30 22:14:47.000'),
(231, 'Stroke Event | Terbuka', 22, '2025-06-30 22:14:47.000', '2025-06-30 22:14:47.000'),
(232, 'Figure  | Terbuka', 22, '2025-06-30 22:14:47.000', '2025-06-30 22:14:47.000'),
(233, 'Nomor Lomba (2x2) Putra', 23, '2025-06-30 22:14:47.000', '2025-06-30 22:14:47.000'),
(234, 'Nomor Lomba (2x2) Putri', 23, '2025-06-30 22:14:47.000', '2025-06-30 22:14:47.000'),
(235, 'NAGE NO KATA', 24, '2025-06-30 22:14:47.000', '2025-06-30 22:14:47.000'),
(236, 'JU NO KATA', 24, '2025-06-30 22:14:47.000', '2025-06-30 22:14:47.000'),
(237, 'KELAS -100 KG PUTRA', 24, '2025-06-30 22:14:47.000', '2025-06-30 22:14:47.000'),
(238, 'KELAS + 78 KG PUTRI', 24, '2025-06-30 22:14:47.000', '2025-06-30 22:14:47.000'),
(239, 'KELAS -90 KG PUTRA', 24, '2025-06-30 22:14:47.000', '2025-06-30 22:14:47.000'),
(240, 'KELAS -81 KG PUTRA', 24, '2025-06-30 22:14:47.000', '2025-06-30 22:14:47.000'),
(241, 'KELAS -73 KG PUTRA', 24, '2025-06-30 22:14:47.000', '2025-06-30 22:14:47.000'),
(242, 'KELAS - 63 KG PUTRI', 24, '2025-06-30 22:14:47.000', '2025-06-30 22:14:47.000'),
(243, 'KELAS - 57 KG PUTRI', 24, '2025-06-30 22:14:47.000', '2025-06-30 22:14:47.000'),
(244, 'KELAS 45 KG KEBAWAH PUTRA', 25, '2025-06-30 22:14:47.000', '2025-06-30 22:14:47.000'),
(245, 'KELAS 48 KG KEBAWAH PUTRA', 25, '2025-06-30 22:14:47.000', '2025-06-30 22:14:47.000'),
(246, 'KELAS 52 KG KEBAWAH PUTRA', 25, '2025-06-30 22:14:47.000', '2025-06-30 22:14:47.000'),
(247, 'KELAS 56 KG KEBAWAH PUTRA', 25, '2025-06-30 22:14:47.000', '2025-06-30 22:14:47.000'),
(248, 'KELAS 60 KG KEBAWAH PUTRA', 25, '2025-06-30 22:14:47.000', '2025-06-30 22:14:47.000'),
(249, 'KELAS 65 KG KEBAWAH PUTRA', 25, '2025-06-30 22:14:47.000', '2025-06-30 22:14:47.000'),
(250, 'KELAS 70 KG KEBAWAH PUTRA', 25, '2025-06-30 22:14:47.000', '2025-06-30 22:14:47.000'),
(251, 'KELAS 45 KG KEBAWAH PUTRI', 25, '2025-06-30 22:14:47.000', '2025-06-30 22:14:47.000'),
(252, 'KELAS 48 KG KEBAWAH PUTRI', 25, '2025-06-30 22:14:47.000', '2025-06-30 22:14:47.000'),
(253, 'KELAS 52 KG KEBAWAH PUTRI', 25, '2025-06-30 22:14:47.000', '2025-06-30 22:14:47.000'),
(254, 'KELAS 56 KG KEBAWAH PUTRI', 25, '2025-06-30 22:14:47.000', '2025-06-30 22:14:47.000'),
(255, 'KELAS 60 KG KEBAWAH PUTRI', 25, '2025-06-30 22:14:47.000', '2025-06-30 22:14:47.000'),
(256, 'KELAS 75 KG KEBAWAH PUTRA', 25, '2025-06-30 22:14:47.000', '2025-06-30 22:14:47.000'),
(257, '3X3 TIM PUTRA', 26, '2025-06-30 22:14:47.000', '2025-06-30 22:14:47.000'),
(258, '3X3 TIM PUTRI', 26, '2025-06-30 22:14:47.000', '2025-06-30 22:14:47.000'),
(259, '-60 KG PUTRA', 27, '2025-06-30 22:14:47.000', '2025-06-30 22:14:47.000'),
(260, '-66 KG PUTRA', 27, '2025-06-30 22:14:47.000', '2025-06-30 22:14:47.000'),
(261, '-81KG PUTRA', 27, '2025-06-30 22:14:47.000', '2025-06-30 22:14:47.000'),
(262, '-52 KG PUTRI', 27, '2025-06-30 22:14:47.000', '2025-06-30 22:14:47.000'),
(263, '-70 KG PUTRI', 27, '2025-06-30 22:14:47.000', '2025-06-30 22:14:47.000'),
(264, '+70 KG PUTRI', 27, '2025-06-30 22:14:47.000', '2025-06-30 22:14:47.000'),
(265, '-73 KG PUTRA', 27, '2025-06-30 22:14:47.000', '2025-06-30 22:14:47.000'),
(266, '+81 KG PUTRA', 27, '2025-06-30 22:14:47.000', '2025-06-30 22:14:47.000'),
(267, '-44 KG PUTRI', 27, '2025-06-30 22:14:47.000', '2025-06-30 22:14:47.000'),
(268, '-57 KG PUTRI', 27, '2025-06-30 22:14:47.000', '2025-06-30 22:14:47.000'),
(269, 'Embu Solo / Tandoku Kyu Kenshi Putra', 28, '2025-06-30 22:14:47.000', '2025-06-30 22:14:47.000'),
(270, 'Embu Solo / Tandoku Kyu Kenshi PUTRI', 28, '2025-06-30 22:14:47.000', '2025-06-30 22:14:47.000'),
(271, 'Embu Solo / Tandoku Yudansha PUTRI', 28, '2025-06-30 22:14:47.000', '2025-06-30 22:14:47.000'),
(272, 'Embu Solo / Tandoku Yudansha Putra', 28, '2025-06-30 22:14:47.000', '2025-06-30 22:14:47.000'),
(273, 'T10 Putra', 29, '2025-06-30 22:14:47.000', '2025-06-30 22:14:47.000'),
(274, 'T10 Putri', 29, '2025-06-30 22:14:47.000', '2025-06-30 22:14:47.000'),
(275, '6’S (Sixes) Putra', 29, '2025-06-30 22:14:47.000', '2025-06-30 22:14:47.000'),
(276, '6’S (Sixes)  Putri', 29, '2025-06-30 22:14:47.000', '2025-06-30 22:14:47.000'),
(277, 'Fast Shooting Putra', 30, '2025-06-30 22:14:47.000', '2025-06-30 22:14:47.000'),
(278, 'Fast Shooting Putri', 30, '2025-06-30 22:14:47.000', '2025-06-30 22:14:47.000'),
(279, 'Dynamic Shooting Putri', 30, '2025-06-30 22:14:47.000', '2025-06-30 22:14:47.000'),
(280, 'Dynamic Shooting Putra', 30, '2025-06-30 22:14:47.000', '2025-06-30 22:14:47.000'),
(281, 'AKURASI INDIVIDU|  PUTRA', 31, '2025-06-30 22:14:47.000', '2025-06-30 22:14:47.000'),
(282, 'AKURASI INDIVIDU | PUTRI', 31, '2025-06-30 22:14:47.000', '2025-06-30 22:14:47.000'),
(283, 'Individual Hyung PUTRI', 1, '2025-06-30 22:15:30.000', '2025-06-30 22:15:30.000'),
(284, 'Individual Hyung PUTRA', 1, '2025-06-30 22:15:30.000', '2025-06-30 22:15:30.000'),
(285, 'Berpasangan Hoshinsul PUTRI', 1, '2025-06-30 22:15:30.000', '2025-06-30 22:15:30.000'),
(286, 'Hosinsul Gaya Bebas (Free Style)', 1, '2025-06-30 22:15:30.000', '2025-06-30 22:15:30.000'),
(287, 'Berpasangan Hoshinsul PUTRA', 1, '2025-06-30 22:15:30.000', '2025-06-30 22:15:30.000'),
(288, 'Individual Nakbop (High Jump) PUTRA', 1, '2025-06-30 22:15:30.000', '2025-06-30 22:15:30.000'),
(289, 'Individual U-54 Kg PUTRA', 1, '2025-06-30 22:15:30.000', '2025-06-30 22:15:30.000'),
(290, 'Individual U-58 Kg PUTRA', 1, '2025-06-30 22:15:30.000', '2025-06-30 22:15:30.000'),
(291, 'Individual U-62 Kg PUTRA', 1, '2025-06-30 22:15:30.000', '2025-06-30 22:15:30.000'),
(292, 'Individual U-72 Kg PUTRA', 1, '2025-06-30 22:15:30.000', '2025-06-30 22:15:30.000'),
(293, 'Individual U-51 Kg PUTRI', 1, '2025-06-30 22:15:30.000', '2025-06-30 22:15:30.000'),
(294, 'Individual U-59 Kg PUTRI', 1, '2025-06-30 22:15:30.000', '2025-06-30 22:15:30.000'),
(295, 'Individual U-63 Kg PUTRI', 1, '2025-06-30 22:15:30.000', '2025-06-30 22:15:30.000'),
(296, 'Individual U-72 Kg PUTRI', 1, '2025-06-30 22:15:30.000', '2025-06-30 22:15:30.000'),
(297, 'Individual U-78 Kg PUTRA', 1, '2025-06-30 22:15:30.000', '2025-06-30 22:15:30.000'),
(298, 'Bebek 150 Standart Perorangan', 2, '2025-06-30 22:15:30.000', '2025-06-30 22:15:30.000'),
(299, 'Bebek 150 Modifikasi Perorangan', 2, '2025-06-30 22:15:30.000', '2025-06-30 22:15:30.000'),
(300, 'Bebek 150 Standart Beregu', 2, '2025-06-30 22:15:30.000', '2025-06-30 22:15:30.000'),
(301, 'Bebek 150 Modifikasi Beregu', 2, '2025-06-30 22:15:30.000', '2025-06-30 22:15:30.000'),
(302, 'K1 1000 m PI', 3, '2025-06-30 22:15:30.000', '2025-06-30 22:15:30.000'),
(303, 'Kayak Slalom PA', 3, '2025-06-30 22:15:30.000', '2025-06-30 22:15:30.000'),
(304, 'Kayak Slalom PI', 3, '2025-06-30 22:15:30.000', '2025-06-30 22:15:30.000'),
(305, 'Cano Slalom PA', 3, '2025-06-30 22:15:30.000', '2025-06-30 22:15:30.000'),
(306, 'Cano Slalom PI', 3, '2025-06-30 22:15:30.000', '2025-06-30 22:15:30.000'),
(307, 'K1 1000 m PA', 3, '2025-06-30 22:15:30.000', '2025-06-30 22:15:30.000'),
(308, 'C1 1000 m PI', 3, '2025-06-30 22:15:30.000', '2025-06-30 22:15:30.000'),
(309, 'C1 1000 m PA', 3, '2025-06-30 22:15:30.000', '2025-06-30 22:15:30.000'),
(310, 'SUP Tecnical Race, 1000 m PI', 3, '2025-06-30 22:15:30.000', '2025-06-30 22:15:30.000'),
(311, 'SUP Sprint Race, 200 m PA', 3, '2025-06-30 22:15:30.000', '2025-06-30 22:15:30.000'),
(312, 'SUP Sprint Race, 200 m PI', 3, '2025-06-30 22:15:30.000', '2025-06-30 22:15:30.000'),
(313, 'C1 500 m PA', 3, '2025-06-30 22:15:30.000', '2025-06-30 22:15:30.000'),
(314, 'C1 500 m PI', 3, '2025-06-30 22:15:30.000', '2025-06-30 22:15:30.000'),
(315, 'K1 500 m PI', 3, '2025-06-30 22:15:30.000', '2025-06-30 22:15:30.000'),
(316, 'K1 200 m PA', 3, '2025-06-30 22:15:30.000', '2025-06-30 22:15:30.000'),
(317, 'K1 200 m PI', 3, '2025-06-30 22:15:30.000', '2025-06-30 22:15:30.000'),
(318, 'C1 200 m PA', 3, '2025-06-30 22:15:30.000', '2025-06-30 22:15:30.000'),
(319, 'C1 200 m PI', 3, '2025-06-30 22:15:30.000', '2025-06-30 22:15:30.000'),
(320, 'SUP Tecnical Race, 1000 m PA', 3, '2025-06-30 22:15:30.000', '2025-06-30 22:15:30.000'),
(321, 'K1 500 m PA', 3, '2025-06-30 22:15:30.000', '2025-06-30 22:15:30.000'),
(322, 'Single Sculls PA', 4, '2025-06-30 22:15:30.000', '2025-06-30 22:15:30.000'),
(323, 'Single Sculls PI', 4, '2025-06-30 22:15:30.000', '2025-06-30 22:15:30.000'),
(324, 'Double Sculls PA', 4, '2025-06-30 22:15:30.000', '2025-06-30 22:15:30.000'),
(325, 'Double Sculls PI', 4, '2025-06-30 22:15:30.000', '2025-06-30 22:15:30.000'),
(326, 'Ergo 2000 PA', 4, '2025-06-30 22:15:30.000', '2025-06-30 22:15:30.000'),
(327, 'Ergo 2000 PI', 4, '2025-06-30 22:15:30.000', '2025-06-30 22:15:30.000'),
(328, 'POOMSAE PERORANGAN PUTRI', 5, '2025-06-30 22:15:30.000', '2025-06-30 22:15:30.000'),
(329, 'POOMSAE BEREGU PUTRA', 5, '2025-06-30 22:15:30.000', '2025-06-30 22:15:30.000'),
(330, 'KYORUGI UNDER 49 KG PUTRI', 5, '2025-06-30 22:15:30.000', '2025-06-30 22:15:30.000'),
(331, 'KYORUGI UNDER 68 KG PUTRA', 5, '2025-06-30 22:15:30.000', '2025-06-30 22:15:30.000'),
(332, 'KYORUGI UNDER 54 KG PUTRA', 5, '2025-06-30 22:15:30.000', '2025-06-30 22:15:30.000'),
(333, 'KYORUGI UNDER 80 KG PUTRA', 5, '2025-06-30 22:15:30.000', '2025-06-30 22:15:30.000'),
(334, 'POOMSAE FREESTYLE PERORANGAN PUTRA', 5, '2025-06-30 22:15:30.000', '2025-06-30 22:15:30.000'),
(335, 'POOMSAE FREESTYLE PERORANGAN PUTRI', 5, '2025-06-30 22:15:30.000', '2025-06-30 22:15:30.000'),
(336, 'KYORUGI UNDER 58 KG PUTRA', 5, '2025-06-30 22:15:30.000', '2025-06-30 22:15:30.000'),
(337, 'KYORUGI UNDER 87 KG PUTRA', 5, '2025-06-30 22:15:30.000', '2025-06-30 22:15:30.000'),
(338, 'KYORUGI UNDER 74 KG PUTRA', 5, '2025-06-30 22:15:30.000', '2025-06-30 22:15:30.000'),
(339, 'KYORUGI OVER 87 KG PUTRA', 5, '2025-06-30 22:15:30.000', '2025-06-30 22:15:30.000'),
(340, 'KYORUGI UNDER 57 KG PUTRI', 5, '2025-06-30 22:15:30.000', '2025-06-30 22:15:30.000'),
(341, 'KYORUGI UNDER 62 KG PUTRI', 5, '2025-06-30 22:15:30.000', '2025-06-30 22:15:30.000'),
(342, 'KYORUGI UNDER 73 KG PUTRI', 5, '2025-06-30 22:15:30.000', '2025-06-30 22:15:30.000'),
(343, 'POOMSAE PERORANGAN PUTRA', 5, '2025-06-30 22:15:30.000', '2025-06-30 22:15:30.000'),
(344, 'POOMSAE BEREGU PUTRI', 5, '2025-06-30 22:15:30.000', '2025-06-30 22:15:30.000'),
(345, 'KYORUGI UNDER 63 KG PUTRA', 5, '2025-06-30 22:15:30.000', '2025-06-30 22:15:30.000'),
(346, 'KYORUGI UNDER 46 KG PUTRI', 5, '2025-06-30 22:15:30.000', '2025-06-30 22:15:30.000'),
(347, 'KYORUGI UNDER 53 KG PUTRI', 5, '2025-06-30 22:15:30.000', '2025-06-30 22:15:30.000'),
(348, 'KYORUGI UNDER 67 KG PUTRI', 5, '2025-06-30 22:15:30.000', '2025-06-30 22:15:30.000'),
(349, 'KYORUGI OVER 73 KG PUTRI', 5, '2025-06-30 22:15:30.000', '2025-06-30 22:15:30.000'),
(350, 'TBR 10 Pdy, 1000 m MIX', 6, '2025-06-30 22:15:30.000', '2025-06-30 22:15:30.000'),
(351, 'TBR 10 Pdy, 1000 m PI', 6, '2025-06-30 22:15:30.000', '2025-06-30 22:15:30.000'),
(352, 'TBR 10 Pdy, 1000 m PA', 6, '2025-06-30 22:15:30.000', '2025-06-30 22:15:30.000'),
(353, 'TBR 10 Pdy, 500 m PA', 6, '2025-06-30 22:15:30.000', '2025-06-30 22:15:30.000'),
(354, 'TBR 10 Pdy, 500 m PI', 6, '2025-06-30 22:15:30.000', '2025-06-30 22:15:30.000'),
(355, 'TBR 10 Pdy, 500 m MIX', 6, '2025-06-30 22:15:30.000', '2025-06-30 22:15:30.000'),
(356, 'TBR 10 Pdy, 200 m PA', 6, '2025-06-30 22:15:30.000', '2025-06-30 22:15:30.000'),
(357, 'TBR 10 Pdy, 200 m PI', 6, '2025-06-30 22:15:30.000', '2025-06-30 22:15:30.000'),
(358, 'TBR 10 Pdy, 200 m MIX', 6, '2025-06-30 22:15:30.000', '2025-06-30 22:15:30.000'),
(359, 'LONG BOARD PUTRA', 7, '2025-06-30 22:15:30.000', '2025-06-30 22:15:30.000'),
(360, 'SHORT BOARD PUTRI', 7, '2025-06-30 22:15:30.000', '2025-06-30 22:15:30.000'),
(361, 'SHORT BOARD PUTRA', 7, '2025-06-30 22:15:30.000', '2025-06-30 22:15:30.000'),
(362, 'HIP HOP PRO', 8, '2025-06-30 22:15:30.000', '2025-06-30 22:15:30.000'),
(363, 'SOLO RAISING STAR LATIN S, C, R, J', 8, '2025-06-30 22:15:30.000', '2025-06-30 22:15:30.000'),
(364, 'SOLO AMATEUR LATIN', 8, '2025-06-30 22:15:30.000', '2025-06-30 22:15:30.000'),
(365, 'SOLO PRE-AMATEUR LATIN C, R, J', 8, '2025-06-30 22:15:30.000', '2025-06-30 22:15:30.000'),
(366, 'HIP HOP ELITE', 8, '2025-06-30 22:15:30.000', '2025-06-30 22:15:30.000'),
(367, 'FREE FOR ALL CCC', 8, '2025-06-30 22:15:30.000', '2025-06-30 22:15:30.000'),
(368, 'SOLO LINE DANCESPORT C', 8, '2025-06-30 22:15:30.000', '2025-06-30 22:15:30.000'),
(369, 'FREE FOR ALL JIVE', 8, '2025-06-30 22:15:30.000', '2025-06-30 22:15:30.000'),
(370, 'SOLO LINE DANCESPORT J', 8, '2025-06-30 22:15:30.000', '2025-06-30 22:15:30.000'),
(371, 'SOLO LINE DANCESPORT R', 8, '2025-06-30 22:15:30.000', '2025-06-30 22:15:30.000'),
(372, 'SOLO LINE DANCESPORT S', 8, '2025-06-30 22:15:30.000', '2025-06-30 22:15:30.000'),
(373, 'SOLO RAISING STAR STANDARD W, T, SF, QS', 8, '2025-06-30 22:15:30.000', '2025-06-30 22:15:30.000'),
(374, 'FREE FOR ALL WALTZ', 8, '2025-06-30 22:15:30.000', '2025-06-30 22:15:30.000'),
(375, 'FREE FOR ALL QS', 8, '2025-06-30 22:15:30.000', '2025-06-30 22:15:30.000'),
(376, 'SOLO PRE- AMATEUR STANDARD W, T, QS', 8, '2025-06-30 22:15:30.000', '2025-06-30 22:15:30.000'),
(377, 'SYNCHRONIZE W, QS', 8, '2025-06-30 22:15:30.000', '2025-06-30 22:15:30.000'),
(378, 'BBOY', 8, '2025-06-30 22:15:30.000', '2025-06-30 22:15:30.000'),
(379, 'BGIRL', 8, '2025-06-30 22:15:30.000', '2025-06-30 22:15:30.000'),
(380, 'TRADITIONAL DS PRO', 8, '2025-06-30 22:15:30.000', '2025-06-30 22:15:30.000'),
(381, 'TRADITIONAL DS ELITE', 8, '2025-06-30 22:15:30.000', '2025-06-30 22:15:30.000'),
(382, 'BEREGU PUTRI', 9, '2025-06-30 22:15:30.000', '2025-06-30 22:15:30.000'),
(383, 'BEREGU PUTRA', 9, '2025-06-30 22:15:30.000', '2025-06-30 22:15:30.000'),
(384, 'GANDA PUTRA', 10, '2025-06-30 22:15:30.000', '2025-06-30 22:15:30.000'),
(385, 'GANDA PUTRI', 10, '2025-06-30 22:15:30.000', '2025-06-30 22:15:30.000'),
(386, 'GANDA CAMPURAN', 10, '2025-06-30 22:15:30.000', '2025-06-30 22:15:30.000'),
(387, 'BEREGU PUTRA', 10, '2025-06-30 22:15:30.000', '2025-06-30 22:15:30.000'),
(388, 'BEREGU PUTRI', 10, '2025-06-30 22:15:30.000', '2025-06-30 22:15:30.000'),
(389, 'TUNGGAL PUTRA', 10, '2025-06-30 22:15:30.000', '2025-06-30 22:15:30.000'),
(390, 'TUNGGAL PUTRI', 10, '2025-06-30 22:15:30.000', '2025-06-30 22:15:30.000'),
(391, 'CHANG QUAN PUTRA', 11, '2025-06-30 22:15:30.000', '2025-06-30 22:15:30.000'),
(392, 'CHANG QUAN PUTRI', 11, '2025-06-30 22:15:30.000', '2025-06-30 22:15:30.000'),
(393, 'NAN QUAN + NANDAO PUTRI', 11, '2025-06-30 22:15:30.000', '2025-06-30 22:15:30.000'),
(394, 'TAIJI QUAN + TAIJI JIAN PUTRA', 11, '2025-06-30 22:15:30.000', '2025-06-30 22:15:30.000'),
(395, 'NAN QUAN  + NANGUN PUTRA', 11, '2025-06-30 22:15:30.000', '2025-06-30 22:15:30.000'),
(396, 'DAO SHU + GUN SHU  PUTRA', 11, '2025-06-30 22:15:30.000', '2025-06-30 22:15:30.000'),
(397, 'DUILIAN PUTRA', 11, '2025-06-30 22:15:30.000', '2025-06-30 22:15:30.000'),
(398, 'TAIJI QUAN + TAIJI JIAN PUTRI', 11, '2025-06-30 22:15:30.000', '2025-06-30 22:15:30.000'),
(399, 'JIAN SHU + QIANGSHU  PUTRI', 11, '2025-06-30 22:15:30.000', '2025-06-30 22:15:30.000'),
(400, 'DUILIAN PUTRI', 11, '2025-06-30 22:15:30.000', '2025-06-30 22:15:30.000'),
(401, 'DAO SHU + GUN SHU PUTRI', 11, '2025-06-30 22:15:30.000', '2025-06-30 22:15:30.000'),
(402, 'WING CHUN (WD+BCD) PUTRI', 11, '2025-06-30 22:15:30.000', '2025-06-30 22:15:30.000'),
(403, 'WING CHUN (WD+BCD) PUTRA', 11, '2025-06-30 22:15:30.000', '2025-06-30 22:15:30.000'),
(404, 'JIAN SHU + QIANGSHU  PUTRA', 11, '2025-06-30 22:15:30.000', '2025-06-30 22:15:30.000'),
(405, '5X5 TIM PUTRA', 12, '2025-06-30 22:15:30.000', '2025-06-30 22:15:30.000'),
(406, '5X5 TIM PUTRI', 12, '2025-06-30 22:15:30.000', '2025-06-30 22:15:30.000'),
(407, 'Triathlon PUTRI', 13, '2025-06-30 22:15:30.000', '2025-06-30 22:15:30.000'),
(408, 'Triathlon PUTRA', 13, '2025-06-30 22:15:30.000', '2025-06-30 22:15:30.000'),
(409, 'Duathlon PUTRI', 13, '2025-06-30 22:15:30.000', '2025-06-30 22:15:30.000'),
(410, 'Duathlon PUTRA', 13, '2025-06-30 22:15:30.000', '2025-06-30 22:15:30.000'),
(411, 'Aquathlon PUTRA', 13, '2025-06-30 22:15:30.000', '2025-06-30 22:15:30.000'),
(412, 'Aquathlon PUTRI', 13, '2025-06-30 22:15:30.000', '2025-06-30 22:15:30.000'),
(413, 'Beregu Aquathlon  Relay PUTRA', 13, '2025-06-30 22:15:30.000', '2025-06-30 22:15:30.000'),
(414, 'Beregu Aquathlon  Relay PUTRI', 13, '2025-06-30 22:15:30.000', '2025-06-30 22:15:30.000'),
(415, 'Aquathlon Mix  Relay', 13, '2025-06-30 22:15:30.000', '2025-06-30 22:15:30.000'),
(416, 'Trail max 155 cc Modifikasi Perorangan', 14, '2025-06-30 22:15:30.000', '2025-06-30 22:15:30.000'),
(417, 'Trail max 155 cc Modifikasi Beregu', 14, '2025-06-30 22:15:30.000', '2025-06-30 22:15:30.000'),
(418, 'Trail max 155 cc Standart Beregu', 14, '2025-06-30 22:15:30.000', '2025-06-30 22:15:30.000'),
(419, 'Trail max 155 cc Standart Perorangan', 14, '2025-06-30 22:15:30.000', '2025-06-30 22:15:30.000'),
(420, 'Standing Fight 16th – 17th Kelas 45,0 Kg (Up 48,0) Putra', 15, '2025-06-30 22:15:30.000', '2025-06-30 22:15:30.000'),
(421, 'Standing Fight 16th – 17th Kelas 48,0 Kg (In) Putra', 15, '2025-06-30 22:15:30.000', '2025-06-30 22:15:30.000'),
(422, 'Standing Fight 18th – 23th Kelas 48,0 Kg Putra', 15, '2025-06-30 22:15:30.000', '2025-06-30 22:15:30.000'),
(423, 'Standing Fight 16th – 17th Kelas 52,2 Kg (in) Putra', 15, '2025-06-30 22:15:30.000', '2025-06-30 22:15:30.000'),
(424, 'Standing Fight 18th – 23th Kelas 52,2 Kg Putra', 15, '2025-06-30 22:15:30.000', '2025-06-30 22:15:30.000'),
(425, 'Standing Fight 16th – 17th Kelas 56,7 Kg (In) Putra', 15, '2025-06-30 22:15:30.000', '2025-06-30 22:15:30.000'),
(426, 'Standing Fight 18th – 23th Kelas 56,7 Kg Putra', 15, '2025-06-30 22:15:30.000', '2025-06-30 22:15:30.000'),
(427, 'Standing Fight 18th – 23th Kelas 61,2 Kg Putra', 15, '2025-06-30 22:15:30.000', '2025-06-30 22:15:30.000'),
(428, 'Standing Fight 18th – 23th Kelas 65,8 Kg Putra', 15, '2025-06-30 22:15:30.000', '2025-06-30 22:15:30.000'),
(429, 'Standing Fight 18th – 23th Kelas 70 Kg Putra', 15, '2025-06-30 22:15:30.000', '2025-06-30 22:15:30.000'),
(430, 'Standing Fight 18th – 23th Kelas 75 Kg Putra', 15, '2025-06-30 22:15:30.000', '2025-06-30 22:15:30.000'),
(431, 'Standing Fight 16th – 17th Kelas 45,0 Kg Putri', 15, '2025-06-30 22:15:30.000', '2025-06-30 22:15:30.000'),
(432, 'Standing Fight 16th – 17th Kelas 48,0 Kg Putri', 15, '2025-06-30 22:15:30.000', '2025-06-30 22:15:30.000'),
(433, 'Standing Fight 18th – 23th Kelas 48,0 Kg Putri', 15, '2025-06-30 22:15:30.000', '2025-06-30 22:15:30.000'),
(434, 'Standing Fight 16th – 17th Kelas 52,2 Kg Putri', 15, '2025-06-30 22:15:30.000', '2025-06-30 22:15:30.000'),
(435, 'Standing Fight 16th – 17th Kelas 56,7 Kg Putri', 15, '2025-06-30 22:15:30.000', '2025-06-30 22:15:30.000'),
(436, 'Standing Fight 18th – 23th Kelas 56,7 Kg Putri', 15, '2025-06-30 22:15:30.000', '2025-06-30 22:15:30.000'),
(437, 'Standing Fight 18th – 23th Kelas 61,2 Kg Putri', 15, '2025-06-30 22:15:30.000', '2025-06-30 22:15:30.000'),
(438, 'Standing Fight 18th – 23th Kelas Up 65,8 Kg Putri', 15, '2025-06-30 22:15:30.000', '2025-06-30 22:15:30.000'),
(439, 'MMA 18th – 23th Kelas 48,0 Kg (Up 52) Putra', 15, '2025-06-30 22:15:30.000', '2025-06-30 22:15:30.000'),
(440, 'MMA 16th - 17th Kelas 52,2 Kg Putra', 15, '2025-06-30 22:15:30.000', '2025-06-30 22:15:30.000'),
(441, 'MMA 18th – 23th Kelas 52,2 Kg (In) Putra', 15, '2025-06-30 22:15:30.000', '2025-06-30 22:15:30.000'),
(442, 'MMA 18th – 23th Kelas 56,7 Kg (Up61) Putra', 15, '2025-06-30 22:15:30.000', '2025-06-30 22:15:30.000'),
(443, 'MMA 16th - 17th Kelas 61,2 Kg Putra', 15, '2025-06-30 22:15:30.000', '2025-06-30 22:15:30.000'),
(444, 'MMA 18th – 23th Kelas 61,2 Kg (In) Putra', 15, '2025-06-30 22:15:30.000', '2025-06-30 22:15:30.000'),
(445, 'MMA 18th – 23th Kelas 65,0 Kg (Down 61,2) Putra', 15, '2025-06-30 22:15:30.000', '2025-06-30 22:15:30.000'),
(446, 'Pacu Kelas A', 16, '2025-06-30 22:15:30.000', '2025-06-30 22:15:30.000'),
(447, 'Pacu Kelas B', 16, '2025-06-30 22:15:30.000', '2025-06-30 22:15:30.000'),
(448, 'Pacu Kelas C', 16, '2025-06-30 22:15:30.000', '2025-06-30 22:15:30.000'),
(449, 'Pacu Kelas D', 16, '2025-06-30 22:15:30.000', '2025-06-30 22:15:30.000'),
(450, 'Pacu Kelas E', 16, '2025-06-30 22:15:30.000', '2025-06-30 22:15:30.000'),
(451, 'Pacu Kelas F', 16, '2025-06-30 22:15:30.000', '2025-06-30 22:15:30.000'),
(452, 'Pacu Kelas G', 16, '2025-06-30 22:15:30.000', '2025-06-30 22:15:30.000'),
(453, 'Pacu Kelas H', 16, '2025-06-30 22:15:30.000', '2025-06-30 22:15:30.000'),
(454, 'Pacu Kelas I', 16, '2025-06-30 22:15:30.000', '2025-06-30 22:15:30.000'),
(455, 'BEREGU PUTRI', 17, '2025-06-30 22:15:30.000', '2025-06-30 22:15:30.000'),
(456, 'BEREGU PUTRA', 18, '2025-06-30 22:15:30.000', '2025-06-30 22:15:30.000'),
(457, 'BEREGU PUTRI', 18, '2025-06-30 22:15:30.000', '2025-06-30 22:15:30.000'),
(458, 'INDIVIDU PUTRI', 18, '2025-06-30 22:15:30.000', '2025-06-30 22:15:30.000'),
(459, 'INDIVIDU PUTRA', 18, '2025-06-30 22:15:30.000', '2025-06-30 22:15:30.000'),
(460, 'FOURSOME PUTRI', 18, '2025-06-30 22:15:30.000', '2025-06-30 22:15:30.000'),
(461, 'FOURSOME PUTRA', 18, '2025-06-30 22:15:30.000', '2025-06-30 22:15:30.000'),
(462, 'GAYA BEBAS 400 M PUTRA', 19, '2025-06-30 22:15:30.000', '2025-06-30 22:15:30.000'),
(463, 'GAYA BEBAS 400 M PUTRI', 19, '2025-06-30 22:15:30.000', '2025-06-30 22:15:30.000'),
(464, 'GAYA PUNGGUNG 100 M PUTRI', 19, '2025-06-30 22:15:30.000', '2025-06-30 22:15:30.000'),
(465, 'GAYA PUNGGUNG 100 M PUTRA', 19, '2025-06-30 22:15:30.000', '2025-06-30 22:15:30.000'),
(466, 'GAYA KUPU-KUPU 200 M PUTRA', 19, '2025-06-30 22:15:30.000', '2025-06-30 22:15:30.000'),
(467, 'GAYA KUPU-KUPU 200 M PUTRI', 19, '2025-06-30 22:15:30.000', '2025-06-30 22:15:30.000'),
(468, 'GAYA BEBAS 100 M PUTRA', 19, '2025-06-30 22:15:30.000', '2025-06-30 22:15:30.000'),
(469, 'GAYA BEBAS 100 M PUTRI', 19, '2025-06-30 22:15:30.000', '2025-06-30 22:15:30.000'),
(470, 'GAYA GANTI PERORANGAN 200 M PUTRI', 19, '2025-06-30 22:15:30.000', '2025-06-30 22:15:30.000'),
(471, 'GAYA GANTI PERORANGAN 200 M PUTRA', 19, '2025-06-30 22:15:30.000', '2025-06-30 22:15:30.000'),
(472, 'GAYA KUPU-KUPU 50 M PUTRA', 19, '2025-06-30 22:15:30.000', '2025-06-30 22:15:30.000'),
(473, 'GAYA KUPU-KUPU 50 M PUTRI', 19, '2025-06-30 22:15:30.000', '2025-06-30 22:15:30.000'),
(474, 'ESTAFET 4 X 200 M GAYA BEBAS PUTRA', 19, '2025-06-30 22:15:30.000', '2025-06-30 22:15:30.000'),
(475, 'ESTAFET 4 X 200 M GAYA BEBAS PUTRI', 19, '2025-06-30 22:15:30.000', '2025-06-30 22:15:30.000'),
(476, 'GAYA BEBAS 800 M PUTRI', 19, '2025-06-30 22:15:30.000', '2025-06-30 22:15:30.000'),
(477, 'GAYA KUPU-KUPU 100 M PUTRA', 19, '2025-06-30 22:15:30.000', '2025-06-30 22:15:30.000'),
(478, 'GAYA KUPU-KUPU 100 M PUTRI', 19, '2025-06-30 22:15:30.000', '2025-06-30 22:15:30.000'),
(479, 'GAYA DADA 200 M PUTRI', 19, '2025-06-30 22:15:30.000', '2025-06-30 22:15:30.000'),
(480, 'GAYA DADA 200 M PUTRA', 19, '2025-06-30 22:15:30.000', '2025-06-30 22:15:30.000'),
(481, 'GAYA BEBAS 50 M PUTRA', 19, '2025-06-30 22:15:30.000', '2025-06-30 22:15:30.000'),
(482, 'GAYA BEBAS 50 M PUTRI', 19, '2025-06-30 22:15:30.000', '2025-06-30 22:15:30.000'),
(483, 'GAYA GANTI PERORANGAN 400 M PUTRA', 19, '2025-06-30 22:15:30.000', '2025-06-30 22:15:30.000'),
(484, 'GAYA GANTI PERORANGAN 400 M PUTRI', 19, '2025-06-30 22:15:30.000', '2025-06-30 22:15:30.000'),
(485, 'GAYA DADA 50 M PUTRA', 19, '2025-06-30 22:15:30.000', '2025-06-30 22:15:30.000'),
(486, 'GAYA DADA 50 M PUTRI', 19, '2025-06-30 22:15:30.000', '2025-06-30 22:15:30.000'),
(487, 'ESTAFET 4 X 100 M GAYA BEBAS PUTRA', 19, '2025-06-30 22:15:30.000', '2025-06-30 22:15:30.000'),
(488, 'ESTAFET 4 X 100 M GAYA BEBAS PUTRI', 19, '2025-06-30 22:15:30.000', '2025-06-30 22:15:30.000'),
(489, 'ESTAFET 4 X 100 M GAYA GANTI MIX', 19, '2025-06-30 22:15:30.000', '2025-06-30 22:15:30.000'),
(490, 'GAYA BEBAS 1500 M PUTRA', 19, '2025-06-30 22:15:30.000', '2025-06-30 22:15:30.000'),
(491, 'GAYA PUNGGUNG 200 M PUTRA', 19, '2025-06-30 22:15:30.000', '2025-06-30 22:15:30.000'),
(492, 'GAYA PUNGGUNG 200 M PUTRI', 19, '2025-06-30 22:15:30.000', '2025-06-30 22:15:30.000'),
(493, 'GAYA DADA 100 M PUTRA', 19, '2025-06-30 22:15:30.000', '2025-06-30 22:15:30.000'),
(494, 'GAYA DADA 100 M PUTRI', 19, '2025-06-30 22:15:30.000', '2025-06-30 22:15:30.000'),
(495, 'GAYA BEBAS 200 M PUTRA', 19, '2025-06-30 22:15:30.000', '2025-06-30 22:15:30.000'),
(496, 'GAYA BEBAS 200 M PUTRI', 19, '2025-06-30 22:15:30.000', '2025-06-30 22:15:30.000'),
(497, 'GAYA PUNGGUNG 50 M PUTRI', 19, '2025-06-30 22:15:30.000', '2025-06-30 22:15:30.000'),
(498, 'GAYA PUNGGUNG 50 M PUTRA', 19, '2025-06-30 22:15:30.000', '2025-06-30 22:15:30.000'),
(499, 'ESTAFET 4 X 100 M GAYA GANTI PUTRA', 19, '2025-06-30 22:15:30.000', '2025-06-30 22:15:30.000'),
(500, 'ESTAFET 4 X 100 M GAYA GANTI PUTRI', 19, '2025-06-30 22:15:30.000', '2025-06-30 22:15:30.000'),
(501, 'ESTAFET 4 X 100 M GAYA BEBAS MIX', 19, '2025-06-30 22:15:30.000', '2025-06-30 22:15:30.000'),
(502, 'Barongsai Halang Rintang', 20, '2025-06-30 22:15:30.000', '2025-06-30 22:15:30.000'),
(503, 'Barongsai Kecepatan', 20, '2025-06-30 22:15:30.000', '2025-06-30 22:15:30.000'),
(504, 'Barongsai Tradisional', 20, '2025-06-30 22:15:30.000', '2025-06-30 22:15:30.000'),
(505, 'Naga Taolu Bebas', 20, '2025-06-30 22:15:30.000', '2025-06-30 22:15:30.000'),
(506, 'Naga Kecepatan', 20, '2025-06-30 22:15:30.000', '2025-06-30 22:15:30.000'),
(507, 'Ketangkasan Zou Tou', 20, '2025-06-30 22:15:30.000', '2025-06-30 22:15:30.000'),
(508, 'CREATIVE FORM INDIVIDUAL OPEN HAND PUTRI', 21, '2025-06-30 22:15:30.000', '2025-06-30 22:15:30.000'),
(509, 'CREATIVE FORM INDIVIDUAL OPEN HAND PUTRA', 21, '2025-06-30 22:15:30.000', '2025-06-30 22:15:30.000'),
(510, 'TEAM FORM OPEN HAND PUTRA', 21, '2025-06-30 22:15:30.000', '2025-06-30 22:15:30.000'),
(511, 'TEAM FORM OPEN HAND PUTRI', 21, '2025-06-30 22:15:30.000', '2025-06-30 22:15:30.000'),
(512, 'Solo Free Routine  | Terbuka', 22, '2025-06-30 22:15:30.000', '2025-06-30 22:15:30.000'),
(513, 'Stroke Event | Terbuka', 22, '2025-06-30 22:15:30.000', '2025-06-30 22:15:30.000'),
(514, 'Figure  | Terbuka', 22, '2025-06-30 22:15:30.000', '2025-06-30 22:15:30.000'),
(515, 'Nomor Lomba (2x2) Putra', 23, '2025-06-30 22:15:30.000', '2025-06-30 22:15:30.000'),
(516, 'Nomor Lomba (2x2) Putri', 23, '2025-06-30 22:15:30.000', '2025-06-30 22:15:30.000'),
(517, 'NAGE NO KATA', 24, '2025-06-30 22:15:30.000', '2025-06-30 22:15:30.000'),
(518, 'JU NO KATA', 24, '2025-06-30 22:15:30.000', '2025-06-30 22:15:30.000'),
(519, 'KELAS -100 KG PUTRA', 24, '2025-06-30 22:15:30.000', '2025-06-30 22:15:30.000'),
(520, 'KELAS + 78 KG PUTRI', 24, '2025-06-30 22:15:30.000', '2025-06-30 22:15:30.000'),
(521, 'KELAS -90 KG PUTRA', 24, '2025-06-30 22:15:30.000', '2025-06-30 22:15:30.000'),
(522, 'KELAS -81 KG PUTRA', 24, '2025-06-30 22:15:30.000', '2025-06-30 22:15:30.000'),
(523, 'KELAS -73 KG PUTRA', 24, '2025-06-30 22:15:30.000', '2025-06-30 22:15:30.000'),
(524, 'KELAS - 63 KG PUTRI', 24, '2025-06-30 22:15:30.000', '2025-06-30 22:15:30.000'),
(525, 'KELAS - 57 KG PUTRI', 24, '2025-06-30 22:15:30.000', '2025-06-30 22:15:30.000'),
(526, 'KELAS 45 KG KEBAWAH PUTRA', 25, '2025-06-30 22:15:30.000', '2025-06-30 22:15:30.000'),
(527, 'KELAS 48 KG KEBAWAH PUTRA', 25, '2025-06-30 22:15:30.000', '2025-06-30 22:15:30.000'),
(528, 'KELAS 52 KG KEBAWAH PUTRA', 25, '2025-06-30 22:15:30.000', '2025-06-30 22:15:30.000'),
(529, 'KELAS 56 KG KEBAWAH PUTRA', 25, '2025-06-30 22:15:30.000', '2025-06-30 22:15:30.000'),
(530, 'KELAS 60 KG KEBAWAH PUTRA', 25, '2025-06-30 22:15:30.000', '2025-06-30 22:15:30.000'),
(531, 'KELAS 65 KG KEBAWAH PUTRA', 25, '2025-06-30 22:15:30.000', '2025-06-30 22:15:30.000'),
(532, 'KELAS 70 KG KEBAWAH PUTRA', 25, '2025-06-30 22:15:30.000', '2025-06-30 22:15:30.000'),
(533, 'KELAS 45 KG KEBAWAH PUTRI', 25, '2025-06-30 22:15:30.000', '2025-06-30 22:15:30.000'),
(534, 'KELAS 48 KG KEBAWAH PUTRI', 25, '2025-06-30 22:15:30.000', '2025-06-30 22:15:30.000'),
(535, 'KELAS 52 KG KEBAWAH PUTRI', 25, '2025-06-30 22:15:30.000', '2025-06-30 22:15:30.000'),
(536, 'KELAS 56 KG KEBAWAH PUTRI', 25, '2025-06-30 22:15:30.000', '2025-06-30 22:15:30.000'),
(537, 'KELAS 60 KG KEBAWAH PUTRI', 25, '2025-06-30 22:15:30.000', '2025-06-30 22:15:30.000'),
(538, 'KELAS 75 KG KEBAWAH PUTRA', 25, '2025-06-30 22:15:30.000', '2025-06-30 22:15:30.000'),
(539, '3X3 TIM PUTRA', 26, '2025-06-30 22:15:30.000', '2025-06-30 22:15:30.000'),
(540, '3X3 TIM PUTRI', 26, '2025-06-30 22:15:30.000', '2025-06-30 22:15:30.000'),
(541, '-60 KG PUTRA', 27, '2025-06-30 22:15:30.000', '2025-06-30 22:15:30.000'),
(542, '-66 KG PUTRA', 27, '2025-06-30 22:15:30.000', '2025-06-30 22:15:30.000'),
(543, '-81KG PUTRA', 27, '2025-06-30 22:15:30.000', '2025-06-30 22:15:30.000'),
(544, '-52 KG PUTRI', 27, '2025-06-30 22:15:30.000', '2025-06-30 22:15:30.000'),
(545, '-70 KG PUTRI', 27, '2025-06-30 22:15:30.000', '2025-06-30 22:15:30.000'),
(546, '+70 KG PUTRI', 27, '2025-06-30 22:15:30.000', '2025-06-30 22:15:30.000'),
(547, '-73 KG PUTRA', 27, '2025-06-30 22:15:30.000', '2025-06-30 22:15:30.000'),
(548, '+81 KG PUTRA', 27, '2025-06-30 22:15:30.000', '2025-06-30 22:15:30.000'),
(549, '-44 KG PUTRI', 27, '2025-06-30 22:15:30.000', '2025-06-30 22:15:30.000'),
(550, '-57 KG PUTRI', 27, '2025-06-30 22:15:30.000', '2025-06-30 22:15:30.000'),
(551, 'Embu Solo / Tandoku Kyu Kenshi Putra', 28, '2025-06-30 22:15:30.000', '2025-06-30 22:15:30.000'),
(552, 'Embu Solo / Tandoku Kyu Kenshi PUTRI', 28, '2025-06-30 22:15:30.000', '2025-06-30 22:15:30.000'),
(553, 'Embu Solo / Tandoku Yudansha PUTRI', 28, '2025-06-30 22:15:30.000', '2025-06-30 22:15:30.000'),
(554, 'Embu Solo / Tandoku Yudansha Putra', 28, '2025-06-30 22:15:30.000', '2025-06-30 22:15:30.000'),
(555, 'T10 Putra', 29, '2025-06-30 22:15:30.000', '2025-06-30 22:15:30.000'),
(556, 'T10 Putri', 29, '2025-06-30 22:15:30.000', '2025-06-30 22:15:30.000');
INSERT INTO `nomors` (`id`, `nama_nomor`, `cabor_id`, `created_at`, `updated_at`) VALUES
(557, '6’S (Sixes) Putra', 29, '2025-06-30 22:15:30.000', '2025-06-30 22:15:30.000'),
(558, '6’S (Sixes)  Putri', 29, '2025-06-30 22:15:30.000', '2025-06-30 22:15:30.000'),
(559, 'Fast Shooting Putra', 30, '2025-06-30 22:15:30.000', '2025-06-30 22:15:30.000'),
(560, 'Fast Shooting Putri', 30, '2025-06-30 22:15:30.000', '2025-06-30 22:15:30.000'),
(561, 'Dynamic Shooting Putri', 30, '2025-06-30 22:15:30.000', '2025-06-30 22:15:30.000'),
(562, 'Dynamic Shooting Putra', 30, '2025-06-30 22:15:30.000', '2025-06-30 22:15:30.000'),
(563, 'AKURASI INDIVIDU|  PUTRA', 31, '2025-06-30 22:15:30.000', '2025-06-30 22:15:30.000'),
(564, 'AKURASI INDIVIDU | PUTRI', 31, '2025-06-30 22:15:30.000', '2025-06-30 22:15:30.000');

-- --------------------------------------------------------

--
-- Table structure for table `users`
--

CREATE TABLE `users` (
  `id` bigint(20) UNSIGNED NOT NULL,
  `username` varchar(191) NOT NULL,
  `password` longtext NOT NULL,
  `email` varchar(191) NOT NULL,
  `role` tinyint(4) DEFAULT 2,
  `created_at` timestamp NOT NULL DEFAULT current_timestamp(),
  `updated_at` timestamp NOT NULL DEFAULT current_timestamp() ON UPDATE current_timestamp()
) ENGINE=InnoDB DEFAULT CHARSET=utf8mb4 COLLATE=utf8mb4_general_ci;

--
-- Dumping data for table `users`
--

INSERT INTO `users` (`id`, `username`, `password`, `email`, `role`, `created_at`, `updated_at`) VALUES
(1, 'admin123', '$2a$10$REdyxBQNTZErqGk3dJOuU.8D5OBz3mlP4Wsm.PecN6jNdw6vp1Jn.', 'admin@gmail.com', 1, '2025-07-01 05:17:14', '2025-07-01 05:23:54'),
(2, 'karanglo123', '$2a$10$3hVddewtkFCX1wlzMJcix.07m1dgj.NiJ6.sB443yrJ989bq6fLEO', 'karanglo@gmail.com', 1, '2025-07-01 05:27:58', '2025-07-01 05:27:58');

--
-- Indexes for dumped tables
--

--
-- Indexes for table `atlets`
--
ALTER TABLE `atlets`
  ADD PRIMARY KEY (`id`),
  ADD UNIQUE KEY `idx_atlets_nik` (`nik`);

--
-- Indexes for table `atlet_cabors`
--
ALTER TABLE `atlet_cabors`
  ADD PRIMARY KEY (`id`),
  ADD UNIQUE KEY `idx_atlet_cabor` (`atlet_id`,`cabor_id`),
  ADD KEY `idx_atlet_cabors_atlet_id` (`atlet_id`),
  ADD KEY `idx_atlet_cabors_cabor_id` (`cabor_id`);

--
-- Indexes for table `cabors`
--
ALTER TABLE `cabors`
  ADD PRIMARY KEY (`id`),
  ADD UNIQUE KEY `idx_cabors_nama_cabor` (`nama_cabor`);

--
-- Indexes for table `dokumentasis`
--
ALTER TABLE `dokumentasis`
  ADD PRIMARY KEY (`id`),
  ADD KEY `idx_dokumentasis_hasil_pertandingan_id` (`hasil_pertandingan_id`);

--
-- Indexes for table `hasil_pertandingans`
--
ALTER TABLE `hasil_pertandingans`
  ADD PRIMARY KEY (`id`),
  ADD KEY `idx_hasil_pertandingans_atlet_id` (`atlet_id`),
  ADD KEY `idx_hasil_pertandingans_nomor_id` (`nomor_id`),
  ADD KEY `idx_hasil_pertandingans_dokumentasi_id` (`dokumentasi_id`),
  ADD KEY `idx_hasil_pertandingans_user_id` (`user_id`);

--
-- Indexes for table `nomors`
--
ALTER TABLE `nomors`
  ADD PRIMARY KEY (`id`),
  ADD KEY `idx_nomors_cabor_id` (`cabor_id`);

--
-- Indexes for table `users`
--
ALTER TABLE `users`
  ADD PRIMARY KEY (`id`),
  ADD UNIQUE KEY `uni_users_username` (`username`),
  ADD UNIQUE KEY `uni_users_email` (`email`);

--
-- AUTO_INCREMENT for dumped tables
--

--
-- AUTO_INCREMENT for table `atlets`
--
ALTER TABLE `atlets`
  MODIFY `id` bigint(20) UNSIGNED NOT NULL AUTO_INCREMENT, AUTO_INCREMENT=3;

--
-- AUTO_INCREMENT for table `atlet_cabors`
--
ALTER TABLE `atlet_cabors`
  MODIFY `id` bigint(20) UNSIGNED NOT NULL AUTO_INCREMENT, AUTO_INCREMENT=3;

--
-- AUTO_INCREMENT for table `cabors`
--
ALTER TABLE `cabors`
  MODIFY `id` bigint(20) UNSIGNED NOT NULL AUTO_INCREMENT, AUTO_INCREMENT=63;

--
-- AUTO_INCREMENT for table `dokumentasis`
--
ALTER TABLE `dokumentasis`
  MODIFY `id` bigint(20) UNSIGNED NOT NULL AUTO_INCREMENT, AUTO_INCREMENT=2;

--
-- AUTO_INCREMENT for table `hasil_pertandingans`
--
ALTER TABLE `hasil_pertandingans`
  MODIFY `id` bigint(20) UNSIGNED NOT NULL AUTO_INCREMENT, AUTO_INCREMENT=7;

--
-- AUTO_INCREMENT for table `nomors`
--
ALTER TABLE `nomors`
  MODIFY `id` bigint(20) UNSIGNED NOT NULL AUTO_INCREMENT, AUTO_INCREMENT=565;

--
-- AUTO_INCREMENT for table `users`
--
ALTER TABLE `users`
  MODIFY `id` bigint(20) UNSIGNED NOT NULL AUTO_INCREMENT, AUTO_INCREMENT=3;

--
-- Constraints for dumped tables
--

--
-- Constraints for table `atlet_cabors`
--
ALTER TABLE `atlet_cabors`
  ADD CONSTRAINT `fk_atlet_cabors_atlet` FOREIGN KEY (`atlet_id`) REFERENCES `atlets` (`id`) ON DELETE CASCADE ON UPDATE CASCADE,
  ADD CONSTRAINT `fk_atlet_cabors_cabor` FOREIGN KEY (`cabor_id`) REFERENCES `cabors` (`id`) ON DELETE CASCADE ON UPDATE CASCADE;

--
-- Constraints for table `dokumentasis`
--
ALTER TABLE `dokumentasis`
  ADD CONSTRAINT `fk_dokumentasis_hasil_pertandingan` FOREIGN KEY (`hasil_pertandingan_id`) REFERENCES `hasil_pertandingans` (`id`) ON DELETE CASCADE ON UPDATE CASCADE;

--
-- Constraints for table `hasil_pertandingans`
--
ALTER TABLE `hasil_pertandingans`
  ADD CONSTRAINT `fk_atlets_hasil` FOREIGN KEY (`atlet_id`) REFERENCES `atlets` (`id`) ON DELETE CASCADE ON UPDATE CASCADE,
  ADD CONSTRAINT `fk_hasil_pertandingans_dokumentasi` FOREIGN KEY (`dokumentasi_id`) REFERENCES `dokumentasis` (`id`) ON DELETE CASCADE ON UPDATE CASCADE,
  ADD CONSTRAINT `fk_hasil_pertandingans_user` FOREIGN KEY (`user_id`) REFERENCES `users` (`id`) ON DELETE CASCADE ON UPDATE CASCADE,
  ADD CONSTRAINT `fk_nomors_hasil` FOREIGN KEY (`nomor_id`) REFERENCES `nomors` (`id`) ON DELETE CASCADE ON UPDATE CASCADE;

--
-- Constraints for table `nomors`
--
ALTER TABLE `nomors`
  ADD CONSTRAINT `fk_cabors_nomors` FOREIGN KEY (`cabor_id`) REFERENCES `cabors` (`id`) ON DELETE CASCADE ON UPDATE CASCADE;
COMMIT;

/*!40101 SET CHARACTER_SET_CLIENT=@OLD_CHARACTER_SET_CLIENT */;
/*!40101 SET CHARACTER_SET_RESULTS=@OLD_CHARACTER_SET_RESULTS */;
/*!40101 SET COLLATION_CONNECTION=@OLD_COLLATION_CONNECTION */;
